Workbook

Sheet WTG Yield Wake
B2: WTG 1
B3: Diameter | D3: 280 | E3: m
B4: Swept area | D4: =PI()*D3^2*(1/4) | E4: m^2
B5: Rated power | D5: 20 | E5: MW
B6: Power density rotor | D6: =D5*1000000/D4 | E6: W/m^2
B7: Rated rotor speed | D7: 7 | E7: rpm
B8: Rated tip speed | D8: =PI()*D3*D7/60 | E8: m/s
B9: Hub height | D9: 160 | E9: m
K10: # of WTGs:
B11: WTG 1 Parameters*) | H11: Offshore Site 1 | K11: 80
B12: Wind speed | C12: Power in the Wind | D12: WTG Power | E12: C_P | F12: C_T | H12: Free windspeed at hub height | I12: Time | J12: Gross Yield | K12: Park Efficiency | L12: Gross Yield incl. Wake Loss
B13: (m/s) | C13: (MW) | D13: (MW) | H13: (m/s) | I13: % of year | J13: (MWh/year) | K13: % | L13: (MWh/year)
B14: =H14 | C14: =0.5*1.224*$D$4*(B14^3)/1000000 | D14: 0 | E14: =D14/C14 | F14: 0 | H14: 0.5 | I14: 0.652 | J14: =I14*$D14*8766
B15: =H15 | C15: =0.5*1.224*$D$4*(B15^3)/1000000 | D15: 0 | E15: =D15/C15 | F15: 0 | H15: 1.5 | I15: 1.735 | J15: =I15*$D15*8766
B16: =H16 | C16: =0.5*1.224*$D$4*(B16^3)/1000000 | D16: 0 | E16: =D16/C16 | F16: 0 | H16: 2.5 | I16: 3.356 | J16: =I16*$D16*8766
B17: =H17 | C17: =0.5*1.224*$D$4*(B17^3)/1000000 | D17: 0.437 | E17: =D17/C17 | F17: 0.855 | H17: 3.5 | I17: 4.832 | J17: =I17*$D17/100*8766 | K17: 0.4893617 | L17: =$K$11*J17*K17
B18: =H18 | C18: =0.5*1.224*$D$4*(B18^3)/1000000 | D18: 1.423 | E18: =D18/C18 | F18: 0.855 | H18: 4.5 | I18: 6.39 | J18: =I18*$D18/100*8766 | K18: 0.56663897 | L18: =$K$11*J18*K18
B19: =H19 | C19: =0.5*1.224*$D$4*(B19^3)/1000000 | D19: 2.83 | E19: =D19/C19 | F19: 0.855 | H19: 5.5 | I19: 7.657 | J19: =I19*$D19/100*8766 | K19: 0.61633104 | L19: =$K$11*J19*K19
B20: =H20 | C20: =0.5*1.224*$D$4*(B20^3)/1000000 | D20: 4.772 | E20: =D20/C20 | F20: 0.858 | H20: 6.5 | I20: 8.732 | J20: =I20*$D20/100*8766 | K20: 0.63665409 | L20: =$K$11*J20*K20
B21: =H21 | C21: =0.5*1.224*$D$4*(B21^3)/1000000 | D21: 7.46 | E21: =D21/C21 | F21: 0.863 | H21: 7.5 | I21: 9.448 | J21: =I21*$D21/100*8766 | K21: 0.64575743 | L21: =$K$11*J21*K21
B22: =H22 | C22: =0.5*1.224*$D$4*(B22^3)/1000000 | D22: 10.949 | E22: =D22/C22 | F22: 0.84 | H22: 8.5 | I22: 9.619 | J22: =I22*$D22/100*8766 | K22: 0.66202091 | L22: =$K$11*J22*K22
B23: =H23 | C23: =0.5*1.224*$D$4*(B23^3)/1000000 | D23: 14.623 | E23: =D23/C23 | F23: 0.752 | H23: 9.5 | I23: 9.123 | J23: =I23*$D23/100*8766 | K23: 0.69857895 | L23: =$K$11*J23*K23
B24: =H24 | C24: =0.5*1.224*$D$4*(B24^3)/1000000 | D24: 17.73 | E24: =D24/C24 | F24: 0.641 | H24: 10.5 | I24: 8.192 | J24: =I24*$D24/100*8766 | K24: 0.75621483 | L24: =$K$11*J24*K24
B25: =H25 | C25: =0.5*1.224*$D$4*(B25^3)/1000000 | D25: 19.442 | E25: =D25/C25 | F25: 0.521 | H25: 11.5 | I25: 7.082 | J25: =I25*$D25/100*8766 | K25: 0.83768208 | L25: =$K$11*J25*K25
B26: =H26 | C26: =0.5*1.224*$D$4*(B26^3)/1000000 | D26: 19.921 | E26: =D26/C26 | F26: 0.402 | H26: 12.5 | I26: 5.825 | J26: =I26*$D26/100*8766 | K26: 0.91788241 | L26: =$K$11*J26*K26
B27: =H27 | C27: =0.5*1.224*$D$4*(B27^3)/1000000 | D27: 19.991 | E27: =D27/C27 | F27: 0.309 | H27: 13.5 | I27: 4.558 | J27: =I27*$D27/100*8766 | K27: 0.96661107 | L27: =$K$11*J27*K27
B28: =H28 | C28: =0.5*1.224*$D$4*(B28^3)/1000000 | D28: 20 | E28: =D28/C28 | F28: 0.244 | H28: 14.5 | I28: 3.373 | J28: =I28*$D28/100*8766 | K28: 0.99177424 | L28: =$K$11*J28*K28
... B41: =H41 | C41: =0.5*1.224*$D$4*(B41^3)/1000000 | D41: 5.6 | E41: =D41/C41 | F41: 0.0015 | H41: 27.5 | I41: 0.027 | J41: =I41*$D41/100*8766 | K41: 1.04 | L41: =$K$11*J41*K41
B42: =H42 | C42: =0.5*1.224*$D$4*(B42^3)/1000000 | D42: 0 | E42: =D42/C42 | F42: 0 | H42: 28.5 | I42: 0.018 | J42: 0 | K42: 0 | L42: =$K$11*J42*K42
B43: *) C_P provided here is assumed to include all WTG aerodynamic, drive train and internal electrical losses. | J43: =SUM(J14:J42) | L43: =SUM(L17:L42) | M43: MWh/year
J45: WTG | L45: Park
I46: Capacity Factor | J46: =J43/20/8760 | L46: =L43/20/8760/K11

Sheet IAC
B2: Cable 1 | E2: 400 mm2 | F2: 0.101 | G2: Ohm/km
B3: Cable 2 | E3: 630 mm2 | F3: 0.063 | G3: Ohm/km
B4: Cable 3 | E4: 800 mm2 | F4: 0.037 | G4: Ohm/km
E7: WTG 1 | F7: WTG 2 | G7: WTG 3 | H7: WTG 4
B8: WTG Nominal Power [MVA] | E8: 21.1 | F8: 21.1 | G8: 21.1 | H8: 21.1
B9: IAC Voltage kV | E9: 66 | F9: =E9 | G9: =F9 | H9: =G9
B10: # WTGs on IAC Section | E10: 1 | F10: 2 | G10: 3 | H10: 4
B11: Nominal Current [A] on IAC Section | E11: =E10*E8*1000/(SQRT(3)*E9) | F11: =F10*F8*1000/(SQRT(3)*F9) | G11: =G10*G8*1000/(SQRT(3)*G9) | H11: =H10*H8*1000/(SQRT(3)*H9)
B12: IAC Section Cable 1 / 2 / 3 | E12: 1 | F12: 1 | G12: 2 | H12: 3
B13: Resistance [Ohm/km] | E13: =INDEX($F$2:$F$4,E12) | F13: =INDEX($F$2:$F$4,F12) | G13: =INDEX($F$2:$F$4,G12) | H13: =INDEX($F$2:$F$4,H12)
E14: km | F14: km | G14: km | H14: km
B15: String Section Length [km] | E15: 2.5 | F15: 2.5 | G15: 2 | H15: 1.5
B16: Free Wind Speed | C16: Power | I16: P_loss | J16: hours | K16: Loss
B17: (m/s) | C17: MW | D17: MVA | I17: [kW] | K17: [MWh/year]
B18: 0.5 | C18: ='WTG Yield Wake'!D14 | D18: =C18/0.95 | E18: 0 | F18: 0 | G18: 0 | H18: 0 | I18: =SUM(E18:H18) | J18: 57 | K18: =I18*J18/1000
B19: 1.5 | C19: ='WTG Yield Wake'!D15 | D19: =C19/0.95 | E19: 0 | F19: 0 | G19: 0 | H19: 0 | I19: =SUM(E19:H19) | J19: ='WTG Yield Wake'!I15*8760/100 | K19: =I19*J19/1000
B20: 2.5 | C20: ='WTG Yield Wake'!D16 | D20: =C20/0.95 | E20: 0 | F20: 0 | G20: 0 | H20: 0 | I20: =SUM(E20:H20) | J20: ='WTG Yield Wake'!I16*8760/100 | K20: =I20*J20/1000
B21: 3.5 | C21: ='WTG Yield Wake'!D17 | D21: =C21/0.95 | E21: =3*($D21/E$8*E$11)^2*E$13*E$15/1000 | F21: =3*($D21/F$8*F$11)^2*F$13*F$15/1000 | G21: =3*($D21/G$8*G$11)^2*G$13*G$15/1000 | H21: =3*($D21/H$8*H$11)^2*H$13*H$15/1000 | I21: =SUM(E21:H21) | J21: ='WTG Yield Wake'!I17*8760/100 | K21: =I21*J21/1000
B22: 4.5 | C22: ='WTG Yield Wake'!D18 | D22: =C22/0.95 | E22: =3*($D22/E$8*E$11)^2*E$13*E$15/1000 | F22: =3*($D22/F$8*F$11)^2*F$13*F$15/1000 | G22: =3*($D22/G$8*G$11)^2*G$13*G$15/1000 | H22: =3*($D22/H$8*H$11)^2*H$13*H$15/1000 | I22: =SUM(E22:H22) | J22: ='WTG Yield Wake'!I18*8760/100 | K22: =I22*J22/1000
B23: 5.5 | C23: ='WTG Yield Wake'!D19 | D23: =C23/0.95 | E23: =3*($D23/E$8*E$11)^2*E$13*E$15/1000 | F23: =3*($D23/F$8*F$11)^2*F$13*F$15/1000 | G23: =3*($D23/G$8*G$11)^2*G$13*G$15/1000 | H23: =3*($D23/H$8*H$11)^2*H$13*H$15/1000 | I23: =SUM(E23:H23) | J23: ='WTG Yield Wake'!I19*8760/100 | K23: =I23*J23/1000
B24: 6.5 | C24: ='WTG Yield Wake'!D20 | D24: =C24/0.95 | E24: =3*($D24/E$8*E$11)^2*E$13*E$15/1000 | F24: =3*($D24/F$8*F$11)^2*F$13*F$15/1000 | G24: =3*($D24/G$8*G$11)^2*G$13*G$15/1000 | H24: =3*($D24/H$8*H$11)^2*H$13*H$15/1000 | I24: =SUM(E24:H24) | J24: ='WTG Yield Wake'!I20*8760/100 | K24: =I24*J24/1000
B25: 7.5 | C25: ='WTG Yield Wake'!D21 | D25: =C25/0.95 | E25: =3*($D25/E$8*E$11)^2*E$13*E$15/1000 | F25: =3*($D25/F$8*F$11)^2*F$13*F$15/1000 | G25: =3*($D25/G$8*G$11)^2*G$13*G$15/1000 | H25: =3*($D25/H$8*H$11)^2*H$13*H$15/1000 | I25: =SUM(E25:H25) | J25: ='WTG Yield Wake'!I21*8760/100 | K25: =I25*J25/1000
B26: 8.5 | C26: ='WTG Yield Wake'!D22 | D26: =C26/0.95 | E26: =3*($D26/E$8*E$11)^2*E$13*E$15/1000 | F26: =3*($D26/F$8*F$11)^2*F$13*F$15/1000 | G26: =3*($D26/G$8*G$11)^2*G$13*G$15/1000 | H26: =3*($D26/H$8*H$11)^2*H$13*H$15/1000 | I26: =SUM(E26:H26) | J26: ='WTG Yield Wake'!I22*8760/100 | K26: =I26*J26/1000
B27: 9.5 | C27: ='WTG Yield Wake'!D23 | D27: =C27/0.95 | E27: =3*($D27/E$8*E$11)^2*E$13*E$15/1000 | F27: =3*($D27/F$8*F$11)^2*F$13*F$15/1000 | G27: =3*($D27/G$8*G$11)^2*G$13*G$15/1000 | H27: =3*($D27/H$8*H$11)^2*H$13*H$15/1000 | I27: =SUM(E27:H27) | J27: ='WTG Yield Wake'!I23*8760/100 | K27: =I27*J27/1000
B28: 10.5 | C28: ='WTG Yield Wake'!D24 | D28: =C28/0.95 | E28: =3*($D28/E$8*E$11)^2*E$13*E$15/1000 | F28: =3*($D28/F$8*F$11)^2*F$13*F$15/1000 | G28: =3*($D28/G$8*G$11)^2*G$13*G$15/1000 | H28: =3*($D28/H$8*H$11)^2*H$13*H$15/1000 | I28: =SUM(E28:H28) | J28: ='WTG Yield Wake'!I24*8760/100 | K28: =I28*J28/1000
B29: 11.5 | C29: ='WTG Yield Wake'!D25 | D29: =C29/0.95 | E29: =3*($D29/E$8*E$11)^2*E$13*E$15/1000 | F29: =3*($D29/F$8*F$11)^2*F$13*F$15/1000 | G29: =3*($D29/G$8*G$11)^2*G$13*G$15/1000 | H29: =3*($D29/H$8*H$11)^2*H$13*H$15/1000 | I29: =SUM(E29:H29) | J29: ='WTG Yield Wake'!I25*8760/100 | K29: =I29*J29/1000
B30: 12.5 | C30: ='WTG Yield Wake'!D26 | D30: =C30/0.95 | E30: =3*($D30/E$8*E$11)^2*E$13*E$15/1000 | F30: =3*($D30/F$8*F$11)^2*F$13*F$15/1000 | G30: =3*($D30/G$8*G$11)^2*G$13*G$15/1000 | H30: =3*($D30/H$8*H$11)^2*H$13*H$15/1000 | I30: =SUM(E30:H30) | J30: ='WTG Yield Wake'!I26*8760/100 | K30: =I30*J30/1000
B31: 13.5 | C31: ='WTG Yield Wake'!D27 | D31: =C31/0.95 | E31: =3*($D31/E$8*E$11)^2*E$13*E$15/1000 | F31: =3*($D31/F$8*F$11)^2*F$13*F$15/1000 | G31: =3*($D31/G$8*G$11)^2*G$13*G$15/1000 | H31: =3*($D31/H$8*H$11)^2*H$13*H$15/1000 | I31: =SUM(E31:H31) | J31: ='WTG Yield Wake'!I27*8760/100 | K31: =I31*J31/1000
B32: 14.5 | C32: ='WTG Yield Wake'!D28 | D32: =C32/0.95 | E32: =3*($D32/E$8*E$11)^2*E$13*E$15/1000 | F32: =3*($D32/F$8*F$11)^2*F$13*F$15/1000 | G32: =3*($D32/G$8*G$11)^2*G$13*G$15/1000 | H32: =3*($D32/H$8*H$11)^2*H$13*H$15/1000 | I32: =SUM(E32:H32) | J32: ='WTG Yield Wake'!I28*8760/100 | K32: =I32*J32/1000
... B45: 27.5 | C45: ='WTG Yield Wake'!D41 | D45: =C45/0.95 | E45: =3*($D45/E$8*E$11)^2*E$13*E$15/1000 | F45: =3*($D45/F$8*F$11)^2*F$13*F$15/1000 | G45: =3*($D45/G$8*G$11)^2*G$13*G$15/1000 | H45: =3*($D45/H$8*H$11)^2*H$13*H$15/1000 | I45: =SUM(E45:H45) | J45: ='WTG Yield Wake'!I41*8760/100 | K45: =I45*J45/1000
B46: 28.5 | C46: ='WTG Yield Wake'!D42 | D46: =C46/0.95 | E46: =3*($D46/E$8*E$11)^2*E$13*E$15/1000 | F46: =3*($D46/F$8*F$11)^2*F$13*F$15/1000 | G46: =3*($D46/G$8*G$11)^2*G$13*G$15/1000 | H46: =3*($D46/H$8*H$11)^2*H$13*H$15/1000 | I46: =SUM(E46:H46) | J46: 1 | K46: =I46*J46/1000
J47: =SUM(J18:J46) | L47: h/year
B48: IAC String Losses (MWh/year) | K48: =SUM(K18:K47) | L48: MWh/year
B49: WTG Energy Yield (MWh/year) | K49: =MAX(E10:H10)*SUMPRODUCT(C18:C46,J18:J46) | L49: MWh/year
B50: Losses (% WTG Energy Yield/year) | K50: =K48/K49 | L50: /year
B52: Yellow cells completed by notebook part2_iac_losses.ipynb (cos phi = 0.95, cheapest cable per section)
